{
        "statuses": [
                {
                        "created_at": "Sun Feb 25 18:11:01 +0000 2018",
                        "id": 967824267948773377,
                        "id_str": "967824267948773377",
                        "text": "No one is born hating another person because of the color of his skin or his background or his religion...",
                        "truncated": true,
                        "entities": {
                                "hashtags": [],
                                "symbols": [],
                                "user_mentions": [],
                                "urls": [
                                        {
                                                "url": "https://t.co/FjPEWnh804",
                                                "expanded_url": "https://twitter.com/i/web/status/967824267948773377",
                                                "display_url": "twitter.com/i/web/status/9…",
                                                "indices": [
                                                        117,
                                                        140
                                                ]
                                        }
                                ]
                        },
                        "metadata": {
                                "result_type": "popular",
                                "iso_language_code": "en"
                        },
                        "in_reply_to_status_id": null,
                        "in_reply_to_status_id_str": null,
                        "in_reply_to_user_id": null,
                        "in_reply_to_user_id_str": null,
                        "in_reply_to_screen_name": null,
                        "user": {
                                "id": 11348282,
                                "id_str": "11348282",
                                "name": "BarackObama",
                                "screen_name": "BarackObama",
                                "location": "",
                                "protected": false,
                                "followers_count": 28605561,
                                "friends_count": 270,
                                "listed_count": 90405,
                                "created_at": "Wed Dec 19 20:20:32 +0000 2007",
                                "favourites_count": 2960,
                                "utc_offset": -18000,
                                "time_zone": "Eastern Time (US & Canada)",
                                "geo_enabled": false,
                                "verified": true,
                                "statuses_count": 50713,
                                "lang": "en",
                                "contributors_enabled": false,
                                "is_translator": false,
                                "is_translation_enabled": false,
                                "profile_background_color": "000000",
                                "profile_background_image_url": "http://pbs.twimg.com/profile_background_images/590922434682880000/3byPYvqe.jpg",
                                "profile_background_image_url_https": "https://pbs.twimg.com/profile_background_images/590922434682880000/3byPYvqe.jpg",
                                "profile_background_tile": false,
                                "profile_image_url": "http://pbs.twimg.com/profile_images/188302352/nasalogo_twitter_normal.jpg",
                                "profile_image_url_https": "https://pbs.twimg.com/profile_images/188302352/nasalogo_twitter_normal.jpg",
                                "profile_banner_url": "https://pbs.twimg.com/profile_banners/11348282/1518798395",
                                "profile_link_color": "205BA7",
                                "profile_sidebar_border_color": "000000",
                                "profile_sidebar_fill_color": "F3F2F2",
                                "profile_text_color": "000000",
                                "profile_use_background_image": true,
                                "has_extended_profile": true,
                                "default_profile": false,
                                "default_profile_image": false,
                                "following": null,
                                "follow_request_sent": null,
                                "notifications": null,
                                "translator_type": "regular"
                        },
                        "geo": null,
                        "coordinates": null,
                        "place": null,
                        "contributors": null,
                        "is_quote_status": false,
                        "retweet_count": 988,
                        "favorite_count": 3875,
                        "favorited": false,
                        "retweeted": false,
                        "possibly_sensitive": false,
                        "lang": "en"
                }
        ],
        "search_metadata": {
                "completed_in": 0.057,
                "max_id": 0,
                "max_id_str": "0",
                "next_results": "?max_id=967574182522482687&q=nasa&include_entities=1&result_type=popular",
                "query": "nasa",
                "count": 2,
                "since_id": 0,
                "since_id_str": "0"
        }
}